{
    "linters": {
        "disable-all": true,
        "enable": [
           "govet",
           "revive",
           "goimports",
           "misspell",
           "ineffassign",
           "gofmt"
        ]
    },
    "linters-settings": {
        "govet": {
            "check-shadowing": false
        },
        "gofmt": {
            "simplify": false
        }
    },
    "run": {
        "skip-dirs": [
            "vendor",
            "tests",
            "pkg/client",
            "pkg/generated"
        ],
        "tests": false,
        "timeout": "10m"
    },
    "issues": {
        "exclude-rules": [
            {
                "linters": "govet",
                "text": "^(nilness|structtag)"
            },
            {
                "path":"pkg/apis/management.cattle.io/v3/globaldns_types.go",
                "text":".*lobalDns.*"
            },
            {
                "path": "pkg/apis/management.cattle.io/v3/zz_generated_register.go",
                "text":".*lobalDns.*"
            },
            {
                "path":"pkg/apis/management.cattle.io/v3/zz_generated_list_types.go",
                "text":".*lobalDns.*"
            },
            {
                "linters": "revive",
                "text": "should have comment"
            },
            {
                "linters": "revive",
                "text": "should be of the form"
            },
            {
                "linters": "typecheck",
                "text": "imported but not used as apierrors"
            }
        ]
    }
}
